問いID,問い,順位,記事,記事ID,点数,判定（0〜3）
q1_aoyagi,青柳,2,あさがやドラム,wiki:1457974,0.8321,
q1_aoyagi,青柳,3,東京青果,wiki:2092836,0.8308,
q1_aoyagi,青柳,4,神谷バー,wiki:954579,0.8304,
q1_aoyagi,青柳,5,髙木屋老舗,wiki:3125244,0.8272,
q2_from_namamugi,（namamugi 起点）,3,生麦事件,wiki:148772,0.8454,
q2_from_namamugi,（namamugi 起点）,4,釜めし春,wiki:4998184,0.8285,
q2_from_namamugi,（namamugi 起点）,5,神茂,wiki:3524865,0.8196,
q3_p21,桜木町から山下公園まで歩くなら、どのルートがおすすめですか？,4,山下町公園,wiki:2687422,0.8859,
q4_freight,昔の貨物線の跡を歩ける場所ってある？,5,飯田町駅,wiki:412853,0.8477,
q5_view,夕方に船がきれいに見える場所,4,夜光運河,wiki:935309,0.8527,
q5_view,夕方に船がきれいに見える場所,5,木更津港,wiki:680903,0.8458,
q6_akaikutsu,山下公園って、赤い靴に関連する何かなかったっけ？,4,山下町公園,wiki:2687422,0.8660,
q7_osanbashi,大さん橋,1,大杉橋,wiki:1441944,0.8963,
q7_osanbashi,大さん橋,3,夢の大橋,wiki:810205,0.8803,
q7_osanbashi,大さん橋,4,やまびこ大橋,wiki:656847,0.8746,
q7_osanbashi,大さん橋,5,聖橋,wiki:209735,0.8737,
q8_aoyagi_kana,アオヤギってどこかで食べられる？,2,尾山耕地,wiki:3220284,0.8093,
q8_aoyagi_kana,アオヤギってどこかで食べられる？,3,愛甲宿,wiki:3575702,0.8040,
q8_aoyagi_kana,アオヤギってどこかで食べられる？,4,幸福会ヤマギシ会,wiki:2295688,0.8033,
q8_aoyagi_kana,アオヤギってどこかで食べられる？,5,檜洞丸,wiki:337133,0.8020,
q9_asari,あさりの炊き込みご飯,4,愛甲宿,wiki:3575702,0.8082,
q9_asari,あさりの炊き込みご飯,5,亜深海性貝類の産状を示す野島層の露頭,wiki:5020548,0.8036,
q10_enoden,海沿いを走る電車に乗りたい,3,箱根町港,wiki:666688,0.8498,
q10_enoden,海沿いを走る電車に乗りたい,4,芦ノ湖遊覧船,wiki:416944,0.8461,
q10_enoden,海沿いを走る電車に乗りたい,5,関東車両基地,wiki:4305584,0.8439,
q11_night,夜景がきれいに見えるところ,3,はやま三ヶ岡山緑地,wiki:3052200,0.8560,
q12_highland,港を見下ろせる高台,3,横浜港シンボルタワー,wiki:578044,0.8742,
q13_free_family,子どもと一緒に無料で楽しめる場所,2,小田原こどもの森公園わんぱくらんど,wiki:2818086,0.8479,
q13_free_family,子どもと一緒に無料で楽しめる場所,3,海辺つり公園,wiki:1625226,0.8408,
q13_free_family,子どもと一緒に無料で楽しめる場所,4,末長こども文化センター,wiki:4939098,0.8387,
q13_free_family,子どもと一緒に無料で楽しめる場所,5,こども自然公園,wiki:1373020,0.8351,
q14_chinese,中華料理の食べ歩き,1,横濱一品香,wiki:921864,0.8706,
q14_chinese,中華料理の食べ歩き,3,海員閣,wiki:3811766,0.8622,
q14_chinese,中華料理の食べ歩き,4,味の民芸,wiki:706782,0.8417,
q14_chinese,中華料理の食べ歩き,5,太田なわのれん,wiki:3886433,0.8342,
q15_sengoku,戦国時代の城跡を見に行きたい,3,つる舞の里歴史資料館,wiki:4012834,0.8451,
q15_sengoku,戦国時代の城跡を見に行きたい,4,浄福寺城,wiki:462779,0.8438,
q15_sengoku,戦国時代の城跡を見に行きたい,5,村岡城,wiki:4913071,0.8429,
q16_shukuba,昔の宿場町の面影が残る道を歩きたい,4,保土ヶ谷宿,wiki:90937,0.8383,
q17_fishing_food,漁師町の郷土料理,4,吉野屋 (舟宿),wiki:2781067,0.8404,
q17_fishing_food,漁師町の郷土料理,5,小坪漁港,wiki:177068,0.8378,
q18_rinkosen,臨港線,1,横浜港駅,wiki:374937,0.8757,
q18_rinkosen,臨港線,2,臨港パーク,wiki:870722,0.8691,
q18_rinkosen,臨港線,4,横浜港,wiki:62142,0.8659,
q18_rinkosen,臨港線,5,川崎臨港警察署,wiki:1068115,0.8622,
q19_kaiko,横浜が開港した場所,1,横浜港,wiki:62142,0.9317,
q19_kaiko,横浜が開港した場所,3,開港広場公園,wiki:3540304,0.9009,
q19_kaiko,横浜が開港した場所,4,横浜開港資料館,wiki:600676,0.8962,
q19_kaiko,横浜が開港した場所,5,横浜公園,wiki:606940,0.8806,
q20_garden,日本庭園で古い建物を見たい,2,小石川後楽園,wiki:131329,0.8664,
q20_garden,日本庭園で古い建物を見たい,3,旧川合玉堂別邸（二松庵）庭園,wiki:4782674,0.8648,
q20_garden,日本庭園で古い建物を見たい,4,占春園,wiki:2045527,0.8567,
q20_garden,日本庭園で古い建物を見たい,5,旧安田庭園,wiki:1086590,0.8546,
q21_rose,バラがきれいな公園,2,神代植物公園,wiki:982472,0.8801,
q21_rose,バラがきれいな公園,4,大蔵三丁目公園,wiki:3919697,0.8578,
q21_rose,バラがきれいな公園,5,蒔田公園,wiki:3777079,0.8474,
q23_from_kozukue,（kozukue 起点）,4,村岡城,wiki:4913071,0.8402,
q24_from_fukagawa,（fukagawameshi 起点）,4,吉野屋 (舟宿),wiki:2781067,0.8172,
q26_daibutsu,大仏を見に行きたい,2,高徳院,wiki:87359,0.8653,
q26_daibutsu,大仏を見に行きたい,4,長谷駅 (神奈川県),wiki:46517,0.8496,
q26_daibutsu,大仏を見に行きたい,5,東京湾観音,wiki:396360,0.8406,
q27_akarenga_kanji,赤煉瓦の倉庫,1,ラ・バンク・ド・ロア,wiki:3449825,0.8535,
q27_akarenga_kanji,赤煉瓦の倉庫,2,建築倉庫ミュージアム,wiki:3641298,0.8422,
q27_akarenga_kanji,赤煉瓦の倉庫,3,根岸住宅地区,wiki:777503,0.8355,
q27_akarenga_kanji,赤煉瓦の倉庫,4,ファイヤーハウス,wiki:1549183,0.8349,
q27_akarenga_kanji,赤煉瓦の倉庫,5,帝蚕倉庫,wiki:5219833,0.8346,
q28_railtrail,線路の跡が遊歩道になっているところ,5,行徳駅前公園,wiki:3259534,0.8461,
q29_nomi,ランドマークタワーの近くで飲める店,2,山の上ホテル,wiki:1038098,0.8578,
q29_nomi,ランドマークタワーの近くで飲める店,3,フーディアム・インターナショナル,wiki:745345,0.8513,
q29_nomi,ランドマークタワーの近くで飲める店,4,横浜ロイヤルパークホテル,wiki:1140609,0.8499,
q29_nomi,ランドマークタワーの近くで飲める店,5,神谷バー,wiki:954579,0.8480,
q30_from_chinatown,（chinatown 起点）,1,横浜華僑基督教会,wiki:5145098,0.8578,
q30_from_chinatown,（chinatown 起点）,2,山下町公園,wiki:2687422,0.8448,
q30_from_chinatown,（chinatown 起点）,3,海員閣,wiki:3811766,0.8438,
q31_expo_train,横浜博覧会の列車,3,ロマンスカーミュージアム,wiki:4264878,0.8512,
q31_expo_train,横浜博覧会の列車,4,横浜ドリームランド,wiki:146328,0.8484,
q31_expo_train,横浜博覧会の列車,5,横浜港駅,wiki:374937,0.8456,
q32_freight_history,貨物線の跡の歴史,3,飯田町駅,wiki:412853,0.8466,
q32_freight_history,貨物線の跡の歴史,5,相鉄厚木線,wiki:332161,0.8423,
q33_view_hikawa,山下公園から氷川丸を眺める,4,山下町公園,wiki:2687422,0.8655,
q34_akaikutsu_origin,赤い靴の像の由来,3,国産マッチ発祥の地,wiki:4151552,0.8233,
q34_akaikutsu_origin,赤い靴の像の由来,5,ペリー上陸記念碑,wiki:2795198,0.8157,
q35_walk_feel,海沿いを気持ちよく歩ける散歩道,2,はまみらいウォーク,wiki:1928488,0.8571,
q35_walk_feel,海沿いを気持ちよく歩ける散歩道,3,袖ケ浦海浜公園,wiki:324074,0.8432,
q35_walk_feel,海沿いを気持ちよく歩ける散歩道,5,由比ヶ浜,wiki:209350,0.8363,
q36_expo_memory,横浜博覧会の列車に乗った思い出,3,ロマンスカーミュージアム,wiki:4264878,0.8464,
q36_expo_memory,横浜博覧会の列車に乗った思い出,5,横浜ドリームランド,wiki:146328,0.8384,
q37_expo_route,横浜博覧会の臨時列車はどこを走った？,3,みなとみらい出入口,wiki:842025,0.8592,
q37_expo_route,横浜博覧会の臨時列車はどこを走った？,4,横浜ドリームランド,wiki:146328,0.8286,
q37_expo_route,横浜博覧会の臨時列車はどこを走った？,5,横浜港駅,wiki:374937,0.8258,
q38_hospital_ship,氷川丸が病院船だった頃の話,3,日野病院 (徳洲会),wiki:3485800,0.8239,
q38_hospital_ship,氷川丸が病院船だった頃の話,4,明治丸,wiki:1829894,0.8188,
q38_hospital_ship,氷川丸が病院船だった頃の話,5,旧長濱検疫所一号停留所,wiki:4692230,0.8182,
q39_hikawa_lightup,ライトアップされた氷川丸を見たい,3,永代橋,wiki:330382,0.8521,
q39_hikawa_lightup,ライトアップされた氷川丸を見たい,4,明治丸,wiki:1829894,0.8496,
q39_hikawa_lightup,ライトアップされた氷川丸を見たい,5,横浜スカイウォーク,wiki:2230155,0.8493,
q40_kanteibyo,関帝廟には何が祀られているの？,2,関の姥石,wiki:1312618,0.8375,
q40_kanteibyo,関帝廟には何が祀られているの？,3,上臈塚,wiki:4148373,0.8146,
q40_kanteibyo,関帝廟には何が祀られているの？,4,麟祥院,wiki:2047418,0.7966,
q40_kanteibyo,関帝廟には何が祀られているの？,5,洞昌院 (伊勢原市),wiki:3603265,0.7963,
